names,next_overheads,,,sgp4 formatted,,Heavens-above,,time difference,names,,,,
AO-07,2025-04-14 11:15:07.800568-04:00,,,,,,,,AO-07,,,,
UO-11,2025-04-14 14:34:23.800568-04:00,,,,,,,,UO-11,,,Satellite:,Time (sec)
AO-27,2025-04-14 11:27:29.800568-04:00,,,11:27:29,,11:27:22,,0:00:07,AO-27,1,,AO-27,0:00:07
FO-29,2025-04-14 11:18:44.800568-04:00,,,11:18:44,,11:18:40,,0:00:04,FO-29,2,,FO-29,0:00:04
NOAA-15,2025-04-14 18:21:53.800568-04:00,,,,,,,,NOAA-15,3,,ISS,0:00:02
GO-32,2025-04-14 14:43:15.800568-04:00,,,,,,,,GO-32,4,,NOAA-18,0:00:04
ISS,2025-04-14 12:41:34.800568-04:00,,,12:41:34,,12:41:36,,0:00:02,ISS,5,,NOAA-19,0:00:04
NO-44,2025-04-14 11:15:00.800568-04:00,,,,,,,,NO-44,6,,ZACUBE-1,0:00:02
SO-50,2025-04-14 12:01:05.800568-04:00,,,12:01:05,,13:35:34,1:34:29,,SO-50,7,,AO-73,0:00:02
CO-55,2025-04-14 17:26:14.800568-04:00,,,,,,,,CO-55,8,,CAS-4B,0:00:09
CO-57,2025-04-14 17:16:33.800568-04:00,,,,,,,,CO-57,9,,CAS-4A,0:00:11
RS-22,2025-04-14 17:12:56.800568-04:00,,,,,,,,RS-22,10,,AVG,0:00:05
NOAA-18,2025-04-14 11:45:27.800568-04:00,,,11:45:27,,11:45:23,,0:00:04,NOAA-18,,,,
CO-58,2025-04-14 15:51:09.800568-04:00,,,,,,,,CO-58,,,,
CO-65,2025-04-14 15:04:36.800568-04:00,,,,,,,,CO-65,,,,
AAUSAT2,2025-04-14 16:41:05.800568-04:00,,,,,,,,AAUSAT2,,,,
CO-66,2025-04-14 15:25:43.800568-04:00,,,,,,,,CO-66,,,,
RS-30,2025-04-14 13:36:38.800568-04:00,,,,,,,,RS-30,,,,
NOAA-19,2025-04-14 11:40:47.800568-04:00,,,11:40:47,,11:40:43,,0:00:04,NOAA-19,,,,
SRMSAT,2025-04-14 23:59:52.800568-04:00,,,,,,,,SRMSAT,,,,
ZACUBE-1,2025-04-14 14:06:02.800568-04:00,,,14:06:02,,14:06:00,,0:00:02,ZACUBE-1,,,,
Delfi-N3xt,2025-04-14 12:20:13.800568-04:00,,,,,,,,Delfi-N3xt,,,,
GOMX-1,2025-04-14 20:11:33.800568-04:00,,,,,,,,GOMX-1,,,,
LO-74,2025-04-14 13:31:58.800568-04:00,,,,,,,,LO-74,,,,
AO-73,2025-04-14 14:51:32.800568-04:00,,,14:51:32,,14:51:30,,0:00:02,AO-73,,,,
DTUSAT-2,2025-04-14 14:06:58.800568-04:00,,,,,,,,DTUSAT-2,,,,
EO-80,2025-04-14 14:36:36.800568-04:00,,,,,,,,EO-80,,,,
LILACSAT-2,2025-04-14 18:18:58.800568-04:00,,,,,,,,LILACSAT-2,,,,
Horyu-4,2025-04-15 00:05:21.800568-04:00,,,,,,,,Horyu-4,,,,
Lapan A3,2025-04-14 17:37:19.800568-04:00,,,,,,,,Lapan A3,,,,
CAS-2T,2025-04-14 12:35:16.800568-04:00,,,,,,,,CAS-2T,,,,
CAS-4B,2025-04-14 11:16:17.800568-04:00,,,11:16:17,,11:16:08,,0:00:09,CAS-4B,,,,
CAS-4A,2025-04-14 11:26:05.800568-04:00,,,11:26:05,,11:26:16,,0:00:11,CAS-4A,,,,
TechnoSat,2025-04-14 17:19:14.800568-04:00,,,,,,,,,,,,
AO-91,2025-04-14 21:41:44.800568-04:00,,,,,,,,,,,,
S-Net D,2025-04-14 11:15:00.800568-04:00,,,,,,average,0:00:05,,,,,
S-Net B,2025-04-14 11:15:00.800568-04:00,,,,,,,,,,,,
S-Net A,2025-04-14 11:15:00.800568-04:00,,,,,,,,,,,,
S-Net C,2025-04-14 11:16:24.800568-04:00,,,,,,,,,,,,
Ten-Koh,2025-04-14 16:49:22.800568-04:00,,,,,,,,,,,,
PO-101,2025-04-14 17:49:34.800568-04:00,,,,,,,,,,,,
MinXSS-2,2025-04-14 11:15:00.800568-04:00,,,,,,,,,,,,
AO-95,2025-04-14 11:45:48.800568-04:00,,,,,,,,,,,,
RANGE-A,2025-04-14 11:33:26.800568-04:00,,,,,,,,,,,,
MOVE-II,2025-04-14 12:33:59.800568-04:00,,,,,,,,,,,,
SNUSat 2,2025-04-14 11:40:19.800568-04:00,,,,,,,,,,,,
SnugLite,2025-04-14 11:15:00.800568-04:00,,,,,,,,,,,,
ITASat 1,2025-04-14 11:58:24.800568-04:00,,,,,,,,,,,,
EAGLET 1,2025-04-14 11:56:04.800568-04:00,,,,,,,,,,,,
ESEO,2025-04-14 12:21:23.800568-04:00,,,,,,,,,,,,
CSIM,2025-04-14 11:54:26.800568-04:00,,,,,,,,,,,,
JO-97,2025-04-14 11:41:22.800568-04:00,,,,,,,,,,,,
Suomi 100,2025-04-14 11:33:26.800568-04:00,,,,,,,,,,,,
ISAT,2025-04-14 11:57:56.800568-04:00,,,,,,,,,,,,
UWE-4,2025-04-14 11:22:21.800568-04:00,,,,,,,,,,,,
Sparrow,2025-04-14 12:32:21.800568-04:00,,,,,,,,,,,,
Prox-1,2025-04-14 19:26:45.800568-04:00,,,,,,,,,,,,
SONATE,2025-04-14 18:29:56.800568-04:00,,,,,,,,,,,,
Taurus 1,2025-04-14 14:17:35.800568-04:00,,,,,,,,,,,,
Duchifat 3,2025-04-14 12:44:36.800568-04:00,,,,,,,,,,,,
TO-108,2025-04-14 12:12:10.800568-04:00,,,,,,,,,,,,
FloripaSat 1,2025-04-14 11:58:59.800568-04:00,,,,,,,,,,,,
RS-44,2025-04-14 14:09:32.800568-04:00,,,,,,,,,,,,
UPMSat 2,2025-04-14 11:15:00.800568-04:00,,,,,,,,,,,,
SALSAT,2025-04-14 15:33:11.800568-04:00,,,,,,,,,,,,
CubeSX-Sirius-HSE,2025-04-14 11:58:24.800568-04:00,,,,,,,,,,,,
CubeSX-HSE,2025-04-14 12:30:50.800568-04:00,,,,,,,,,,,,
GRBAlpha,2025-04-14 11:51:03.800568-04:00,,,,,,,,,,,,
Orbicraft-Zorkiy,2025-04-28 00:58:46.800568-04:00,,,,,,,,,,,,
TUBIN,2025-04-14 16:49:01.800568-04:00,,,,,,,,,,,,
LEDSAT,2025-04-14 12:05:17.800568-04:00,,,,,,,,,,,,
CUTE,2025-04-14 11:30:38.800568-04:00,,,,,,,,,,,,
TeikyoSat 4,2025-04-14 19:57:47.800568-04:00,,,,,,,,,,,,
Z-Sat,2025-04-14 11:59:20.800568-04:00,,,,,,,,,,,,
KOSEN 1,2025-04-14 11:57:35.800568-04:00,,,,,,,,,,,,
HO-113,2025-04-14 12:04:56.800568-04:00,,,,,,,,,,,,
IRIS-A,2025-04-14 12:37:43.800568-04:00,,,,,,,,,,,,
Foresail-1,2025-04-14 16:06:54.800568-04:00,,,,,,,,,,,,
SNUGLITE 2,2025-04-14 14:41:44.800568-04:00,,,,,,,,,,,,
IO-117,2025-04-14 14:16:46.800568-04:00,,,,,,,,,,,,
UmKA 1 (RS40S),2025-04-14 12:27:13.800568-04:00,,,,,,,,,,,,
CubeBel-2 (EU11S),2025-04-14 11:41:22.800568-04:00,,,,,,,,,,,,
VERONIKA,2025-04-14 11:55:15.800568-04:00,,,,,,,,,,,,
ENSO,2025-04-14 11:46:23.800568-04:00,,,,,,,,,,,,
EIRSAT-1,2025-04-14 12:08:40.800568-04:00,,,,,,,,,,,,
SONATE-2,2025-04-14 14:31:28.800568-04:00,,,,,,,,,,,,
MO-122,2025-04-14 19:50:05.800568-04:00,,,,,,,,,,,,
GRBBeta,2025-04-14 11:23:38.800568-04:00,,,,,,,,,,,,
Curium One,2025-04-14 12:47:24.800568-04:00,,,,,,,,,,,,
ROBUSTA-3A,2025-04-14 12:26:52.800568-04:00,,,,,,,,,,,,
CatSat,2025-04-14 19:36:05.800568-04:00,,,,,,,,,,,,
HYPERVIEW-1G (RS66S),2025-04-14 21:35:12.800568-04:00,,,,,,,,,,,,
AO-123,2025-04-14 21:36:22.800568-04:00,,,,,,,,,,,,
ZIMSAT 2,2025-04-14 21:53:10.800568-04:00,,,,,,,,,,,,
HADES-R (SO-124),2025-04-14 12:06:48.800568-04:00,,,,,,,,,,,,
HYDRA-T,2025-04-14 11:57:07.800568-04:00,,,,,,,,,,,,
JINJUSat 1B,2025-04-14 11:21:53.800568-04:00,,,,,,,,,,,,
NUSHSAT 1,2025-04-14 11:22:28.800568-04:00,,,,,,,,,,,,
TEVEL2-4,2025-04-14 11:27:57.800568-04:00,,,,,,,,,,,,
TEVEL2-5,2025-04-14 11:28:04.800568-04:00,,,,,,,,,,,,
TEVEL2-6,2025-04-14 11:29:07.800568-04:00,,,,,,,,,,,,
TEVEL2-1,2025-04-14 11:34:15.800568-04:00,,,,,,,,,,,,
TEVEL2-2,2025-04-14 11:34:29.800568-04:00,,,,,,,,,,,,
TEVEL2-3,2025-04-14 11:34:29.800568-04:00,,,,,,,,,,,,
TEVEL2-8,2025-04-14 12:06:48.800568-04:00,,,,,,,,,,,,
TEVEL2-9,2025-04-14 12:07:30.800568-04:00,,,,,,,,,,,,
TEVEL2-7,2025-04-14 12:08:33.800568-04:00,,,,,,,,,,,,